array_size,uniform_bcis,uniform_qs,uniform_is,uniform_bcis/qs,uniform_bcis/is,binomial_bcis,binomial_qs,binomial_is,binomial_bcis/qs,binomial_bcis/is,poisson_bcis,poisson_qs,poisson_is,poisson_bcis/qs,poisson_bcis/is,normal_bcis,normal_qs,normal_is,normal_bcis/qs,normal_bcis/is,real_bcis,real_qs,real_is,real_bcis/qs,real_bcis/is
1,5.199999999927485e-06,1.9999999998354667e-06,2.7999999998584713e-06,2.6000000001776358,1.85714285721083,2.9999999999752447e-06,1.4999999997655777e-06,2.100000000115898e-06,2.0000000002960596,1.4285714284807982,2.700000000022129e-06,1.600000000046009e-06,1.8999999999991246e-06,1.6874999999653055,1.421052631591249,2.4000000000690136e-06,1.3999999999292356e-06,1.8999999999991246e-06,1.71428571442166,1.263157894773747,5.4999999998806e-06,2.9000000001389026e-06,5.200000000371574e-06,1.8965517240059189,1.0576923075937672
2,0.00019230000000014513,0.0001012000000000235,3.3199999999844465e-05,1.900197628459491,5.792168674730302,0.00012780000000001124,9.820000000004825e-05,3.3199999999844465e-05,1.3014256619139353,3.849397590379818,0.00012530000000010588,9.829999999988459e-05,3.339999999996124e-05,1.2746693794532349,3.7514970059955477,0.0003096999999998573,0.0001320999999996353,3.419999999998424e-05,2.3444360333134924,9.055555555555555,0.00013119999999977594,9.930000000002437e-05,3.3300000000124896e-05,1.3212487411857377,3.939939939918434
3,0.000204000000000093,0.00024049999999986582,6.150000000015865e-05,0.8482328482337081,3.3170731707246626,0.00019290000000005136,0.00025290000000000035,6.230000000018165e-05,0.7627520759195378,3.0963081861876227,0.0001926999999999346,0.00023980000000012325,6.180000000011177e-05,0.80358632193426,3.118122977339581,0.0003354000000004298,0.00023669999999986757,6.180000000011177e-05,1.4169835234500103,5.427184466016557,0.00028019999999973066,0.0002887000000000306,0.0001525999999998362,0.9705576723231762,1.836173001310822
4,0.00040110000000037616,0.0005478999999999346,9.220000000009776e-05,0.7320678956021611,4.3503253796090116,0.0005329999999998947,0.0004348000000002905,9.22999999999341e-05,1.2258509659603003,5.774647887326926,0.0005106000000001387,0.0004276999999999198,9.129999999979432e-05,1.1938274491471463,5.592552026301084,0.0004688999999999943,0.000472800000000273,9.339999999991022e-05,0.9917512690349484,5.020342612424465,0.0007556000000001895,0.0004393999999998677,9.179999999986421e-05,1.719617660447012,8.230936819186352
5,0.0007576999999998613,0.0012339999999997353,0.00019149999999967804,0.6140194489465347,3.956657963452403,0.0010280999999996432,0.0008791999999999689,0.00012129999999999086,1.1693585077339395,8.475680131902067,0.0008827999999998504,0.0008333999999998731,0.00015060000000000073,1.0592752579793434,5.861885790171621,0.0007783999999997349,0.0007641000000000453,0.0001484000000000485,1.0187148279016998,5.2452830188644235,0.0007922000000002427,0.0007954000000003347,0.00013780000000007675,0.9959768669850507,5.748911465891157
6,0.0010046999999997475,0.0009486999999999135,0.00014640000000021303,1.0590281437755233,6.862704918021076,0.0008717000000002528,0.0009285000000001098,0.0001449999999998397,0.9388260635435107,6.011724137939424,0.000991500000000034,0.0011647999999997438,0.00015430000000016264,0.8512190934068098,6.425793907964931,0.0010884999999998257,0.0025050000000002015,0.0005763999999999214,0.43453093812364796,1.8884455239416622,0.001509899999999842,0.0014072999999998892,0.00016039999999994947,1.072905563845634,9.413341645887266
7,0.0021431000000000644,0.0021311999999999998,0.00029249999999958476,1.0055837087087391,7.326837606848229,0.00107899999999983,0.0015900000000002024,0.000172000000000061,0.6786163522010646,6.273255813950276,0.0015420000000001544,0.002471299999999843,0.00023960000000000647,0.6239630963461548,6.435726210351055,0.0018676999999995836,0.0013220999999998817,0.0001749000000001999,1.4126768020571445,10.678673527715546,0.0005207000000000406,0.0010037000000000518,0.0001796000000000575,0.5187805121052244,2.899220489977026
8,0.0013247000000000675,0.0021231000000003775,0.00018920000000033355,0.6239461165276398,7.00158562366666,0.0020479999999998277,0.0016964000000001533,0.00020170000000030441,1.20726243810401,10.153693604346737,0.0018951000000000384,0.003662000000000276,0.0004661999999999722,0.517504096122309,4.06499356499389,0.0026996000000001352,0.0028463999999996936,0.00035099999999976816,0.9484260820687275,7.691168091173556,0.0020631999999998207,0.0029108999999998275,0.0002018999999999771,0.7087842248101766,10.218920257553515
9,0.0021197000000001687,0.002404599999999757,0.00022359999999999047,0.881518755718366,9.479874776387563,0.0014677000000000717,0.0023026000000001545,0.00022520000000003648,0.6374098844784041,6.517317939608499,0.001553399999999705,0.0022736000000000978,0.0002245000000002939,0.6832336382827402,6.91937639197181,0.0015592999999998192,0.0020967000000000624,0.00022569999999966228,0.7436924691180297,6.908728400541215,0.0005908999999997278,0.002000800000000247,0.00041780000000013473,0.29533186725292626,1.4143130684526979
10,0.0021519000000003174,0.002762799999999732,0.0002531000000001171,0.7788837411323751,8.502173054126123,0.0015792999999999502,0.0037915000000001697,0.00029849999999997934,0.4165369906369193,5.290787269681942,0.0018468000000000373,0.005056999999999867,0.0008164999999999978,0.36519675697055287,2.2618493570116867,0.0021697999999998885,0.002429699999999979,0.00024449999999998084,0.8930320615713492,8.8744376278121,0.0021337999999997415,0.0023532999999997806,0.00035750000000023263,0.906726724174538,5.968671328666722
11,0.003815799999999925,0.004152299999999887,0.0002778999999999421,0.9189605760662835,13.730838431092911,0.0030684999999999185,0.006048800000000298,0.0005976999999997012,0.5072907022880186,5.133846411245528,0.005167300000000097,0.0032057999999999254,0.0002946999999999811,1.6118597541955884,17.534102477096805,0.002089400000000019,0.003102499999999786,0.00025690000000011537,0.6734568896052097,8.133125729852397,0.00228969999999995,0.003403599999999951,0.0002581999999997642,0.6727288753084919,8.867931835794119
12,0.002278500000000072,0.004874700000000232,0.00037060000000010973,0.46741337928487164,6.148138154342681,0.0012742999999999505,0.003024400000000149,0.00041939999999973665,0.42133976987167293,3.038388173583096,0.0034459000000000017,0.004020400000000368,0.000345600000000168,0.8571037707689997,9.970775462958121,0.00284759999999995,0.0039533000000000484,0.00029440000000002797,0.7203096147522109,9.672554347824999,0.004530600000000273,0.005363700000000193,0.0004647000000002066,0.8446781139884986,9.74951581665216
13,0.0034671999999997816,0.005823200000000028,0.0005361999999999867,0.5954114576177643,6.466243938828549,0.0009752999999999012,0.003333699999999773,0.00031640000000043855,0.2925578186399399,3.0824905183266416,0.002480100000000096,0.0039053999999998368,0.0003094000000003483,0.635043785527782,8.015837104063685,0.00285660000000032,0.004497199999999868,0.00031479999999994845,0.6351952325892564,9.074332909786492,0.000977900000000087,0.003391800000000167,0.0005370000000000097,0.28831299015273276,1.8210428305401665
14,0.002312299999999823,0.004288700000000034,0.0003311999999997539,0.5391610511343308,6.981582125608517,0.00210139999999992,0.004069900000000182,0.0003399000000001706,0.5163271824860135,6.182406590170242,0.0022687999999999597,0.004379299999999642,0.00042990000000031614,0.5180736647409735,5.277506396832499,0.004388200000000175,0.006965899999999969,0.0005245000000000388,0.629954492599692,8.366444232602193,0.0018172999999999107,0.007789299999999777,0.0006268000000000384,0.23330722914767216,2.8993299298018496
15,0.005033199999999738,0.008601700000000267,0.0007478000000000762,0.5851401467151356,6.730676651510063,0.004579800000000134,0.008971400000000074,0.0006211999999998774,0.5104888869072939,7.372504829364194,0.004750499999999658,0.009402300000000086,0.0006219999999999004,0.5052487157397249,7.637459807074627,0.004748900000000056,0.005189199999999783,0.000455200000000211,0.9151506976027624,10.432557117745727,0.0013738000000000916,0.004607599999999934,0.0003904999999999603,0.29815956246204345,3.518053777209299
16,0.003219599999999989,0.005904099999999968,0.00039139999999981967,0.545315966870481,8.22585590189441,0.0032798999999998912,0.007821499999999926,0.0005673000000001593,0.4193441155788432,5.781597038602097,0.0026478999999999253,0.005550299999999897,0.0004113999999999507,0.4770733113525349,6.4363150218771095,0.003119300000000269,0.006419699999999917,0.0003798999999999886,0.48589497951622496,8.210844959200745,0.002393700000000276,0.005567300000000053,0.0003479999999997929,0.4299570707524749,6.878448275866956
17,0.002974999999999728,0.006447200000000208,0.0003584999999999283,0.46144062538770814,8.298465829847483,0.002760899999999733,0.0059291000000003535,0.0003490000000003768,0.46565245990109266,7.910888252139691,0.0031424000000002117,0.006818099999999827,0.00042989999999987205,0.46089086402374435,7.309606885324836,0.003957299999999719,0.0073902000000001244,0.0004087999999997649,0.5354794186895689,9.680283757343432,0.0014395999999998743,0.005850499999999759,0.0003972000000000975,0.24606443893683166,3.624370594157908
18,0.0037882999999996336,0.013356899999999783,0.0008315000000003181,0.2836211995298082,4.555983162956325,0.0032304000000000777,0.007217800000000274,0.00045459999999986067,0.4475601983983977,7.106027276729142,0.0036263000000000822,0.008441700000000107,0.0003813000000003619,0.4295698733667432,9.510359297132547,0.0032936000000001187,0.007150900000000071,0.000592299999999657,0.46058538086116235,5.560695593452686,0.003531000000000173,0.008085399999999687,0.000920299999999763,0.4367130877879028,3.8367923503217236
19,0.0038580999999999754,0.00930429999999971,0.0004591999999998819,0.41465773889492985,8.40178571428782,0.004003500000000049,0.01411080000000009,0.0006824000000000829,0.283718853644019,5.866793669401469,0.003448099999999954,0.009222499999999911,0.00046739999999978465,0.3738791000271062,7.377192982459441,0.003668699999999969,0.008600700000000128,0.00045399999999995444,0.4265583033938999,8.08083700440603,0.0032455000000002343,0.007950000000000124,0.00045479999999997744,0.4082389937107149,7.1361037818830155
20,0.003670799999999641,0.00905950000000022,0.0004461000000000048,0.40518792427833233,8.228648285136968,0.003334200000000287,0.008765200000000029,0.0005155000000001131,0.3803906356957372,6.467895247331825,0.0036209999999998743,0.010358300000000042,0.0005127000000002546,0.3495747371672822,7.062609713278869,0.00359530000000019,0.009426299999999888,0.0005242000000000857,0.3814115824873209,6.858641739793213,0.005030099999999926,0.014521899999999643,0.0006292999999999438,0.3463802945895544,7.993167010965161
21,0.004079800000000411,0.013329900000000006,0.0005500999999998868,0.30606381143147426,7.416469732778132,0.0067469,0.012498799999999921,0.0005774000000000612,0.5398038211668355,11.68496709386783,0.00507420000000014,0.011150800000000238,0.0005367999999998929,0.45505255228324704,9.452682563340447,0.004056999999999977,0.009873900000000102,0.0006175999999999959,0.41088121208437756,6.56897668393783,0.003403599999999951,0.009990999999999861,0.00048680000000000945,0.3406665999399458,6.991783073130413
22,0.0036434000000000744,0.00985680000000011,0.0006861000000002448,0.3696331466601771,5.310304620315951,0.0037860999999996814,0.010976599999999781,0.00048179999999975465,0.34492465790861987,7.85823993358574,0.0038849999999999163,0.0121475000000002,0.0005251000000003891,0.3198188927762793,7.39859074461443,0.003805999999999976,0.010140600000000166,0.0005497000000000973,0.37532295919372755,6.923776605419869,0.0018547999999998233,0.009998200000000068,0.0005969000000001223,0.18551339241061499,3.10738817222222
23,0.005815899999999985,0.012011400000000005,0.0006291000000002711,0.4841983449056715,9.244794150369541,0.0022098000000001505,0.010632799999999776,0.0005918999999998675,0.20782860582350812,3.7334009123173595,0.006030299999999933,0.013613400000000109,0.0017695999999998158,0.44296795804133315,3.407719258589829,0.009055099999999872,0.02421789999999957,0.0011345999999998746,0.37390112272327625,7.9808743169406595,0.003287099999999654,0.01663529999999991,0.001045899999999822,0.19759787920865102,3.1428434840809003
24,0.005245399999999734,0.018189499999999637,0.0007543000000000966,0.2883751614942598,6.953997083387329,0.008521,0.02041449999999978,0.0006603999999996724,0.4173993974870848,12.902786190194167,0.005464699999999656,0.016138500000000278,0.000661899999999882,0.3386126343835897,8.256080979000801,0.005064200000000074,0.016018899999999725,0.0007855000000001056,0.3161390607345174,6.447103755568929,0.004032399999999825,0.014427100000000248,0.0005798999999999666,0.27950177097266643,6.953612691843521
25,0.0048136000000003065,0.015316400000000119,0.0008389000000001978,0.31427750646367747,5.737990225294041,0.004862199999999817,0.022870000000000168,0.001109899999999886,0.2126016615653599,4.380755022975328,0.006661699999999993,0.023747199999999857,0.0007863999999999649,0.28052570408300903,8.4711342828081,0.009338000000000068,0.020963300000000018,0.0007032999999996292,0.44544513506938604,13.277406512164072,0.0024738000000001925,0.01508939999999992,0.0007187000000001831,0.16394290031414144,3.442048142478868
26,0.0048256000000002075,0.019266200000000122,0.0012062999999997714,0.2504697345610539,4.000331592473781,0.009079599999999743,0.023658100000000015,0.0009761999999997606,0.38378398941587605,9.30096291743697,0.00799779999999961,0.018316900000000302,0.0007416999999998453,0.4366350201180046,10.783065929622866,0.00892040000000005,0.028697599999999657,0.0007304999999999673,0.31084132471008574,12.211362080767215,0.004377100000000134,0.025213000000000374,0.0008224999999999483,0.17360488636814614,5.321702127660072
27,0.006457799999999736,0.02490749999999986,0.0007447000000002646,0.2592713038241402,8.671679871085594,0.006653300000000417,0.02117210000000025,0.0007479000000003566,0.31424846850337657,8.895975397776768,0.005112000000000005,0.016883499999999607,0.0006815000000002236,0.3027808215121346,7.501100513570548,0.004646700000000337,0.01535580000000003,0.0008151000000000685,0.30260227405933443,5.70077291129916,0.001828600000000069,0.01524150000000013,0.0011484999999997747,0.11997506807073145,1.5921636917722488
28,0.005116499999999746,0.01621270000000008,0.0006498000000001447,0.31558592954904,7.873961218834421,0.004632200000000086,0.01706070000000004,0.0006589000000003509,0.2715128922025518,7.030201851567187,0.005302499999999988,0.016048199999999735,0.000966699999999765,0.33041088720230777,5.4851556842880695,0.005312199999999656,0.03109549999999972,0.0007654999999999745,0.17083500828093146,6.939516655780317,0.0038043000000000937,0.02624519999999997,0.0006694999999998785,0.14495221983448778,5.6823002240489675
29,0.005494800000000133,0.02165000000000017,0.0006919999999999149,0.25380138568129745,7.940462427746834,0.007410399999999928,0.018144200000000055,0.0007392999999997762,0.4084170148036235,10.02353577708937,0.010802800000000001,0.0197731000000001,0.0011573000000000278,0.5463382069579351,9.334485440248633,0.006252400000000158,0.021692400000000056,0.001599500000000198,0.28822997916321574,3.908971553610118,0.0023510999999998283,0.01734480000000005,0.0006384999999999863,0.13555071260549684,3.682223962411713
30,0.005259000000000125,0.02308729999999981,0.0006783999999999679,0.22778757152201287,7.7520636792458335,0.006206099999999992,0.02134849999999977,0.0008951999999999849,0.29070426493664936,6.932640750670349,0.007364700000000113,0.021301499999999862,0.0006749999999997591,0.3457362157594611,10.910666666670727,0.005642499999999995,0.02035600000000004,0.0006479000000001456,0.27719100019650145,8.708905695321388,0.003177700000000172,0.020046999999999926,0.0006506000000001677,0.15851249563526632,4.884260682445977
31,0.006340900000000094,0.026094699999999804,0.0009492999999998197,0.24299570410850255,6.679553355105128,0.008666700000000027,0.02749479999999993,0.00070400000000026,0.3152123310589657,12.310653409086402,0.007239400000000007,0.02252769999999993,0.00086189999999986,0.3213554868006956,8.399350272654813,0.0068158000000000385,0.023464600000000058,0.0007485000000002628,0.2904716040333107,9.105945223777749,0.0025550999999994772,0.02433969999999963,0.002005099999999871,0.10497664309747104,1.2743005336390414
32,0.011004600000000586,0.024887000000000548,0.000721099999999808,0.4421826656487461,15.260851476915152,0.00596550000000029,0.02545870000000061,0.0007162000000002777,0.23432068408835277,8.32937726891647,0.006092999999999904,0.03014830000000046,0.0007945000000004754,0.20210094764878322,7.668974197603849,0.007713100000000139,0.024466099999999713,0.0010329000000002253,0.31525662038495017,7.467421822052916,0.005776999999999255,0.025970700000000235,0.0007796999999998278,0.22244298382404798,7.409259971784701
33,0.009168999999999983,0.026058200000000475,0.0008879999999997779,0.351866207182377,10.325450450453014,0.008655399999999425,0.02310480000000048,0.0011710999999996474,0.37461479865652353,7.390829135003015,0.006927400000000361,0.024770300000000134,0.0010028000000001924,0.27966556723173813,6.908057439169357,0.008356599999999936,0.028802200000000333,0.0010941000000004308,0.2901375589364646,7.637875879715424,0.002648399999999995,0.02847179999999927,0.001821900000000376,0.09301835500390081,1.4536472912890108
34,0.0062277999999995615,0.02343460000000075,0.000762400000000163,0.2657523490906336,8.168677859389074,0.00821000000000005,0.024770499999999807,0.0007978999999993519,0.33144264346703195,10.289509963663015,0.006537100000000073,0.028105599999999953,0.0009698000000000206,0.23259065808949406,6.740668179005913,0.005781799999999393,0.03032799999999991,0.0007280999999998983,0.19064231073593413,7.940942178272491,0.002765899999999988,0.0242691000000006,0.0025436000000000902,0.11396796749776134,1.0873958169523077
35,0.007607700000000328,0.027944599999999653,0.0007703999999995048,0.27224222211090593,9.875000000006773,0.00777459999999941,0.027675499999999964,0.0008714000000002997,0.28091994724573793,8.921964654575092,0.007218700000000133,0.032363300000000095,0.0008448999999997042,0.22305203733859377,8.543851343357392,0.011724000000000068,0.03139390000000031,0.0009284000000002735,0.37344834506066316,12.62817750969045,0.0029756999999994704,0.03088709999999928,0.0011756000000007205,0.09634119098262835,2.5312181013930304
36,0.010245499999999907,0.03061519999999973,0.0009569000000002603,0.33465402806449074,10.706970425328791,0.0068766000000000105,0.03360800000000008,0.000904000000000238,0.20461199714353706,7.606858407077655,0.008323599999999765,0.032489500000000504,0.0014425999999998496,0.2561935394511961,5.769859975045496,0.008032899999999898,0.03266849999999977,0.0011668000000000234,0.2458913020187629,6.884556050736833,0.008366500000000165,0.03572069999999972,0.0008257000000000403,0.23421993409984215,10.132614751119968
37,0.007222000000000506,0.03168930000000003,0.0008277000000003198,0.22790026917604675,8.725383593086523,0.007964099999999696,0.0309847999999997,0.0010158000000002332,0.2570324804420159,7.840224453630507,0.0060680999999993546,0.034854300000000116,0.001020800000000044,0.17409903512620636,5.944455329152717,0.008095400000000197,0.03148470000000003,0.0009762000000002047,0.2571217130860446,8.292767875433825,0.0030573000000000405,0.03159699999999965,0.0012654999999996974,0.0967591859986731,2.415883050178405
38,0.0073376999999998915,0.0330256999999996,0.0008299999999996643,0.22218151318518548,8.840602409641999,0.008846200000000692,0.03651030000000066,0.0010172000000006065,0.24229327066610057,8.696618167514174,0.00820299999999996,0.03458469999999991,0.0010638000000007253,0.23718580759700045,7.711035909000158,0.007427300000000692,0.03396499999999936,0.0014481999999995665,0.21867510672753812,5.128642452701916,0.005717199999999423,0.042513700000000654,0.0010485000000004518,0.13447900323894027,5.452742012395764
39,0.010966499999999435,0.03560500000000033,0.0009503999999997959,0.308004493750859,11.538825757577643,0.008033099999999571,0.03764089999999953,0.0009138999999995789,0.2134141319681429,8.789911368862318,0.007420199999999433,0.035259499999999555,0.00138889999999936,0.21044541187480045,5.342501259991973,0.008321599999999485,0.037108700000000105,0.001090699999999778,0.22424930002935864,7.629595672504977,0.004003899999999838,0.03397260000000024,0.0009188999999993896,0.11785674337553823,4.357275002723362
40,0.006826299999999286,0.03675849999999947,0.0015821000000002527,0.18570670729217414,4.314708299094997,0.010993700000000217,0.04463229999999996,0.0010759000000000185,0.24631712907468867,10.218142950088325,0.008214800000000189,0.044852700000000745,0.0011406000000002692,0.18315062415417693,7.202174294229573,0.00849299999999964,0.04067899999999991,0.0014449000000000822,0.2087809434843447,5.877915426672542,0.0037637999999997618,0.03766590000000036,0.0009623000000003046,0.09992592769586617,3.911254286603523
41,0.008023500000000183,0.044270299999999985,0.0010570000000003077,0.1812388892779174,7.590823084198531,0.01123429999999992,0.0445846999999997,0.0011179999999999524,0.25197657492368447,10.048568872987834,0.010262100000000274,0.03871059999999993,0.0011214000000006052,0.2650979318326322,9.151150347774866,0.00798140000000025,0.040704199999999524,0.0012743000000003946,0.19608295949804547,6.263360276228344,0.005042800000000014,0.03760609999999964,0.0009356000000000364,0.13409526645943243,5.389910218041703
42,0.010800599999999605,0.04465759999999985,0.0011456999999994721,0.24185357027694368,9.427075150566973,0.00940930000000062,0.044275299999999795,0.0014499999999992852,0.21251804053277254,6.48917241379673,0.008126999999999995,0.041963299999999926,0.0010358000000003642,0.1936692300176585,7.846109287504477,0.008316599999999674,0.04511319999999941,0.0013359999999993377,0.18434959169377882,6.225000000002842,0.0035828999999996114,0.04020699999999966,0.0011461999999999861,0.08911134877010575,3.125894259291271
43,0.009281500000000165,0.042697600000000335,0.0011097000000006574,0.21737755752079957,8.363972244746027,0.007855499999999793,0.04396249999999924,0.0010523999999998424,0.17868638043787158,7.464367160776292,0.010419899999999593,0.04157610000000034,0.0010683999999994143,0.2506223527459167,9.752807937107175,0.009103600000000434,0.041544000000000025,0.001424300000000045,0.2191315232043238,6.391630976620196,0.00538630000000051,0.04027750000000019,0.00098249999999922,0.1337297498603559,5.482239185755507
44,0.010466200000000647,0.044241500000000045,0.0012155000000007021,0.2365697365595795,8.610612916490828,0.008529099999999623,0.04622450000000011,0.0010709999999996,0.18451470540513368,7.9636788048578975,0.010057100000000041,0.044588400000000306,0.0010308999999999457,0.22555418001094393,9.755650402561422,0.010751599999999861,0.050918399999999586,0.0010662000000003502,0.21115353192558975,10.08403676608172,0.003960199999999858,0.0466173999999997,0.001246400000000314,0.08495111267466406,3.17731065468458
45,0.010334900000000147,0.04868059999999996,0.001161900000000493,0.21230017707259471,8.894827437813719,0.00829639999999987,0.04395459999999929,0.0010322000000000386,0.18874930041451873,8.037589614415385,0.010169299999999382,0.047216300000000544,0.0022218999999994438,0.2153768931491723,4.57684864305411,0.009878299999999562,0.04737349999999996,0.0010820999999996417,0.20851953096139342,9.128823583774913,0.004542999999999964,0.04352969999999967,0.0015061000000002878,0.10436552514719831,3.016399973440738
46,0.00998739999999998,0.05128609999999956,0.001012000000000235,0.19473892536184398,9.868972332013499,0.008900999999999826,0.04753839999999965,0.0010893000000002928,0.18723810645709346,8.171302671438019,0.010833400000000104,0.055280100000000054,0.0011928000000001049,0.19597287269740998,9.082327297115318,0.013258599999999454,0.04444689999999962,0.0010092999999997687,0.2983020188134508,13.136431189936086,0.007019599999999571,0.05172660000000029,0.0018060000000001963,0.13570580707024107,3.8868217054256964
47,0.008981599999999368,0.05401120000000059,0.001109600000000377,0.16629143585032863,8.094448449888533,0.01002420000000015,0.054552799999999735,0.001196000000000197,0.1837522546963712,8.381438127089046,0.01100490000000054,0.05201989999999945,0.0016847000000002055,0.2115517330867736,6.532260936664805,0.010069500000000176,0.056242000000000125,0.0016780000000000683,0.1790387966288566,6.000893921334783,0.009229000000000376,0.050778199999999885,0.0011143000000002345,0.18175122395044324,8.282329713720213
48,0.010234299999999585,0.052340100000000334,0.0010982000000003822,0.19553459011349844,9.319158623197982,0.009728400000000192,0.05729500000000076,0.0013528999999996572,0.16979492102277796,7.190775371426312,0.012476500000000001,0.05261069999999979,0.001299799999999962,0.23714757644357615,9.598784428373877,0.0096854000000004,0.05899370000000026,0.0015786999999995999,0.1641768527825913,6.135047824160926,0.00909789999999866,0.05585280000000026,0.0012209999999992505,0.1628906697604886,7.451187551191028
49,0.011763100000001359,0.06189230000000023,0.00254939999999948,0.19005756774269683,4.614066054759457,0.016139799999999482,0.05628309999999992,0.0019390999999995273,0.2867610348399343,8.323345882112019,0.009794199999999975,0.05481960000000008,0.0012141000000003288,0.17866237623039863,8.067045548140452,0.011769199999999813,0.05808369999999918,0.001176000000000954,0.20262483278441248,10.007823129243423,0.008505500000000055,0.05644009999999966,0.0013239000000009327,0.15069959124806842,6.424578895682501
50,0.01056100000000093,0.057257700000000966,0.002068099999998907,0.18444680802757973,5.106619602536876,0.009990900000000025,0.05822380000000038,0.0011305999999997596,0.17159477739343634,8.836812312048602,0.009562000000000737,0.06095879999999987,0.001224000000000558,0.15686004317671537,7.812091503265014,0.009896400000000583,0.058454000000001116,0.0012748000000009085,0.16930235740925162,7.763100094127338,0.012407599999999519,0.054956199999999455,0.0011455999999991917,0.22577252430116423,10.830656424588227
51,0.015144599999999286,0.06461250000000085,0.0013534000000010593,0.2343911781775831,11.190039899503054,0.011322299999999785,0.06371769999999977,0.0012353999999987764,0.17769473788287754,9.164885866934595,0.009927399999998698,0.059845499999999774,0.0011862000000011363,0.1658838174966996,8.369077727186975,0.009997300000000209,0.06408929999999913,0.0022196999999994915,0.15599015748339184,4.50389692300874,0.009851100000000557,0.06052380000000035,0.0017355999999999483,0.16276406967177373,5.6759045863107
52,0.010480599999999285,0.06131469999999872,0.001152599999999282,0.1709312774913602,9.09300711435521,0.010624599999999873,0.06668379999999985,0.0013573000000004498,0.15932805269045702,7.82774626095657,0.012997399999999715,0.058122700000000194,0.0011403000000012042,0.22362003141629125,11.398228536337795,0.01145310000000066,0.05935949999999934,0.001228099999998733,0.19294468450712668,9.325869228900315,0.009017500000000567,0.0611853,0.001198699999999775,0.1473801713810436,7.522732960709318
53,0.012367799999999818,0.06417139999999932,0.0013341999999987308,0.19273071804573297,9.26982461400958,0.009986400000000728,0.07974570000000014,0.0019857000000005343,0.1252280687234636,5.0291584831535685,0.012395200000000273,0.07009889999999963,0.0020004000000000133,0.17682445801575114,6.1963607278545245,0.011852899999999167,0.06007660000000037,0.0013678999999999775,0.197296451530198,8.665033993712525,0.008360800000000168,0.05960840000000012,0.0011887000000001535,0.14026211070923145,7.033566080591477
54,0.009273800000000776,0.06267939999999861,0.0013590999999983921,0.1479561067910826,6.823486130536198,0.012077599999999578,0.09023760000000003,0.001922799999999114,0.1338422121155657,6.2812565009388095,0.015983700000001377,0.09549969999999952,0.0013185000000000002,0.16736911215429429,12.122639362913443,0.015577999999999648,0.06686449999999944,0.0012012999999999607,0.23297863589796947,12.96761841338563,0.005684799999999157,0.05979370000000017,0.0011478999999994244,0.09507356126145632,4.9523477654865475
55,0.010209299999999644,0.0662029000000004,0.0011508999999989555,0.15421227770988252,8.870709879232695,0.010092399999999557,0.06496669999999938,0.0013684999999998837,0.15534727791314096,7.37478991596669,0.009394200000000907,0.07118689999999894,0.0018554999999995658,0.13196529136682517,5.062894098627381,0.011150900000000519,0.06831159999999947,0.0013833000000005313,0.1632358193923229,8.061085809293889,0.01005400000000023,0.06728829999999952,0.0012989000000001028,0.14941676338977652,7.7403957194544875
56,0.010233299999999446,0.06738799999999934,0.001495200000000807,0.15185641360478938,6.844101123591441,0.01195459999999926,0.0676823000000013,0.0012375999999996168,0.1766281583220285,9.659502262445832,0.009339900000000512,0.06591069999999988,0.0011505000000013865,0.14170536802067843,8.118122555401353,0.012107300000000265,0.06502240000000015,0.0015879000000005306,0.18620198577721275,7.624724478869084,0.004951199999998934,0.06971970000000027,0.00224060000000037,0.07101579610926201,2.2097652414523417
57,0.011212099999999836,0.07107869999999927,0.0015686999999999784,0.15774205211969197,7.147383183527755,0.01038579999999989,0.07961919999999978,0.0014438000000005502,0.13044341063461978,7.193378584288635,0.012075599999999298,0.07367080000000037,0.0014670999999992773,0.1639129750185859,8.230931770162393,0.011207200000001194,0.06921839999999868,0.0011913999999997316,0.16191070582390532,9.406748363273223,0.0112603,0.07292349999999992,0.001427500000000137,0.15441250077135646,7.888126094570172
58,0.013098799999999855,0.0739706999999985,0.0012159000000000475,0.1770809252852835,10.772925405049218,0.010653100000000748,0.07581120000000041,0.001315200000000516,0.14052145329450913,8.099984793184738,0.010281400000000218,0.07747359999999937,0.001312300000000377,0.13270843229177814,7.83464146917417,0.011546399999998513,0.0754172000000004,0.0018691999999997932,0.1531003537654335,6.177188101861647,0.00452280000000016,0.07630870000000023,0.001416800000001217,0.059269781820423445,3.1922642574790197
59,0.01319469999999967,0.08270640000000107,0.001546400000000503,0.15953662594429815,8.53252715985216,0.013584899999999678,0.07504529999999932,0.001341399999999382,0.18102266231196093,10.127404204566822,0.01174609999999987,0.07611130000000088,0.001422900000001448,0.15432793816423757,8.255042518791143,0.01347200000000015,0.07118309999999894,0.0013046000000009883,0.1892584054361267,10.326536869530848,0.008630899999999997,0.07051940000000023,0.0020316999999998586,0.12239043440528377,4.248117340158782
60,0.01258390000000098,0.07419119999999957,0.001509399999999772,0.1696144556227835,8.3370213329819,0.01297510000000024,0.07514490000000151,0.0013132000000002364,0.17266773926108064,9.880520865060847,0.004695899999999753,0.0737325000000002,0.001309300000000846,0.06368833282473454,3.586572977924631,0.010271200000000036,0.07881169999999926,0.0018174999999995833,0.1303258272566146,5.651279229712457,0.0060320999999987635,0.07716730000000105,0.0012287000000004156,0.07816912085817025,4.909335069583074
61,0.015635299999999575,0.07823660000000032,0.0016064999999994,0.1998463634667088,9.732524120762784,0.012800600000000273,0.07718260000000043,0.0024842000000013797,0.16584826113658002,5.152805732224927,0.005795199999999667,0.07509809999999995,0.001386400000001231,0.07716839706996144,4.1800346220387485,0.011324799999998802,0.07582850000000008,0.0013604000000011496,0.14934754083225688,8.324610408695408,0.005423699999999698,0.07641389999999859,0.0013911999999987046,0.07097792417347888,3.8985767682610324
62,0.012175900000000794,0.08178820000000009,0.0017991999999988906,0.14887110854623015,6.767396620724934,0.013951500000001005,0.08310129999999916,0.0018855999999995987,0.16788546027560516,7.3989711497687605,0.010219499999999826,0.0827953000000008,0.001448800000000361,0.12343091938793299,7.053768636110767,0.012319800000000214,0.07678600000000024,0.0025573999999988217,0.16044330997838374,4.817314460000739,0.005138399999999876,0.07695249999999909,0.001366199999999651,0.06677365907540284,3.7610891523943706
63,0.011130200000000201,0.08490189999999842,0.0024265999999997234,0.13109482826651003,4.586746888651393,0.010048799999999858,0.0839918000000015,0.001448800000000361,0.11964025059588766,6.935946990611095,0.0059837000000015905,0.08311450000000065,0.0013267999999992952,0.07199345481235578,4.509873379563437,0.013350300000000814,0.08820029999999868,0.0013950999999998714,0.15136343073664166,9.569421546843985,0.005282199999999904,0.08172829999999998,0.0019012000000007134,0.06463122321154245,2.778350515462824
64,0.011800300000000874,0.0860384000000014,0.0015054000000009893,0.1371515509354042,7.8386475355341565,0.012469700000000472,0.08861899999999956,0.0013493999999987238,0.14071135986640038,9.240921891219998,0.006010700000000924,0.08660549999999922,0.0013918000000003872,0.06940321342179166,4.318652105186989,0.013412699999999944,0.08683049999999959,0.0014520999999998452,0.1544699155250748,9.236760553681822,0.006451900000000066,0.09166860000000021,0.002859899999998916,0.07038287919745749,2.255987971608277
65,0.012457999999998748,0.09523599999999988,0.001587599999998801,0.13081187786129997,7.847064751831794,0.012883500000000936,0.09253279999999897,0.001402999999999821,0.13923171026923511,9.182822523166486,0.006931099999999191,0.09066520000000011,0.001468899999998996,0.0764471925281054,4.718564912522247,0.01330159999999836,0.09301229999999983,0.0015377999999994785,0.143009042890009,8.649759396542379,0.004883400000000648,0.08905039999999964,0.0014877000000002027,0.054838608248819413,3.282516636418621
66,0.019676200000001032,0.09865709999999872,0.002722799999999026,0.1994402835680482,7.226458057884557,0.011711899999999886,0.09823149999999892,0.0015286000000003241,0.11922753902770512,7.661847442102187,0.006100200000000555,0.09538129999999967,0.0018314999999997639,0.06395593266185905,3.3307125307132632,0.014421999999999713,0.09839640000000038,0.001648599999999334,0.14657040298221943,8.748028630356387,0.00693899999999914,0.09380030000000161,0.0014000999999996822,0.07397630924420306,4.956074566102933
67,0.012721800000001338,0.09653860000000059,0.0015146000000001436,0.13177941258730974,8.399445398125005,0.014220000000001676,0.09884860000000018,0.001478699999999833,0.143856362153856,9.616555082168988,0.005699100000001067,0.09940999999999889,0.0016591999999988616,0.05732924253094388,3.434848119578699,0.013883399999997437,0.09643619999999942,0.0014196999999995796,0.14396461079965325,9.779108262310029,0.007144400000001383,0.09552520000000086,0.0014682999999990898,0.07479073584772729,4.865763127430234
68,0.013896900000002432,0.10353709999999694,0.0025271999999993966,0.1342214529864449,5.498931623933899,0.011459399999999675,0.09587379999999968,0.0016743999999988546,0.11952587672544235,6.84388437649756,0.0074728999999997825,0.09489349999999774,0.0015862999999995964,0.07875038859352812,4.710899577634549,0.014310599999998175,0.09470740000000077,0.0017920000000017922,0.15110329287888863,7.985825892848138,0.005595100000000741,0.09457879999999719,0.001439899999997607,0.05915807770875616,3.8857559552816445
69,0.013081500000001967,0.09771359999999873,0.002045700000000039,0.1338759394802989,6.394632644083549,0.011886199999999292,0.09704729999999984,0.0023209000000008473,0.12247842031668384,5.121375328534169,0.005604399999999288,0.09989930000000058,0.0015865000000019336,0.05610049319664157,3.5325559407453246,0.013197099999999296,0.11462170000000071,0.00236229999999793,0.11513613914293029,5.586547009275224,0.008209300000000752,0.11639990000000111,0.0017050000000011778,0.07052669289235364,4.814838709674534
70,0.017751799999999207,0.1236140999999975,0.001980800000001892,0.1436065950405299,8.961934571881184,0.014567599999999459,0.10199360000000013,0.0018230000000016844,0.14282856963573637,7.991003839816785,0.00720139999999958,0.10825510000000094,0.0015487000000007356,0.06652250101842332,4.649964486340905,0.013020300000000873,0.10580309999999926,0.0014615000000013367,0.12306161161630391,8.908860759486119,0.0074151999999969576,0.10580760000000211,0.001650900000001343,0.07008192228154508,4.491610636616952
71,0.01705429999999808,0.10729809999999773,0.0020468999999998516,0.15894316861154523,8.331769993648598,0.006831200000000592,0.10345259999999712,0.0021596999999999866,0.06603217318850162,3.163031902579356,0.0059016999999990105,0.10871189999999942,0.003205200000000019,0.05428752510073913,1.8412891551226056,0.014690000000001646,0.1123322999999985,0.0016958000000002471,0.13077271630690232,8.662578134213648,0.007471999999999923,0.11024970000000067,0.002535500000000468,0.06777342704787294,2.9469532636555096
72,0.012781900000000235,0.11593739999999997,0.001627900000002569,0.11024828916294689,7.851772221868704,0.015997500000000997,0.11136769999999885,0.0016517000000000337,0.14364577880302065,9.685475570624611,0.01453660000000312,0.11030479999999798,0.0016044999999991205,0.13178574277822347,9.059894047996938,0.014606999999998038,0.10912850000000063,0.0018105999999988853,0.13385137704630737,8.067491439305773,0.008367699999997313,0.10486280000000292,0.0017321999999992954,0.0797966485731554,4.830677750837499
73,0.01463380000000214,0.1107951000000007,0.0016823999999999728,0.13207984829655867,8.698169281979538,0.013872000000002771,0.11016790000000043,0.0016149999999974796,0.12591689593795213,8.589473684225647,0.01386850000000095,0.1108109000000006,0.0016516000000024178,0.12515465536333406,8.397008960995791,0.014844099999997695,0.1300707999999986,0.0017835999999995522,0.11412323134783406,8.32254989908131,0.007585799999997533,0.11603350000000034,0.0016581999999978336,0.0653759474634266,4.574719575447741
74,0.013356300000001653,0.11860309999999785,0.0017294999999997174,0.11261341398329297,7.7226366001756785,0.008406000000000802,0.11450089999999946,0.0014994000000001506,0.07341427010618118,5.606242496998771,0.01372040000000041,0.11276759999999797,0.0016822000000011883,0.12166969945268549,8.1562239923854,0.01562629999999743,0.1244177999999998,0.0016148999999998637,0.1255953730093078,9.676326707535296,0.007344400000000917,0.130480900000002,0.0017127999999999588,0.0562871654012258,4.28794955628275
75,0.01631150000000048,0.1208714999999998,0.0027876000000013335,0.13494909883637174,5.851449275359691,0.014223199999999991,0.1242365999999997,0.0017417000000001792,0.11448478145731633,8.166274329677055,0.015170899999997545,0.12030129999999772,0.0017838999999995053,0.1261075316725408,8.50434441392553,0.014679199999999781,0.12468499999999949,0.0018010999999980015,0.11773028030637078,8.150130475829254,0.008262699999999512,0.11814899999999895,0.0017485999999991009,0.06993457413943059,4.725323115637516
76,0.01587989999999806,0.12038110000000302,0.00198830000000072,0.13191356450470765,7.986672031379726,0.01454830000000129,0.12524450000000087,0.0017426000000000386,0.11615919261924627,8.348617009067468,0.014480500000001228,0.12193889999999996,0.0019179999999998643,0.11875209633678205,7.54979144942766,0.016038299999998173,0.12109829999999988,0.0017315999999993892,0.13244033979005643,9.262127512129725,0.006642599999999277,0.1333757999999996,0.0020167999999998187,0.049803637541437774,3.2936334787782
77,0.015931099999999532,0.13410539999999926,0.0023602999999994267,0.11879536543643746,6.74960810066661,0.01613659999999939,0.12550139999999743,0.001785300000001655,0.128577051730098,9.038592953556506,0.01575470000000223,0.12926350000000042,0.0018923999999991281,0.12188049990911727,8.325248361873541,0.014576900000001558,0.12945960000000056,0.0027633999999991943,0.11259806148019533,5.274987334445179,0.007340400000000358,0.12759709999999913,0.002149400000000412,0.05752795322151058,3.4150925839764357
78,0.0158389000000021,0.13182079999999985,0.0025215999999979033,0.12015478589116525,6.281289657366461,0.015690499999998053,0.13665639999999968,0.0023604000000005954,0.11481716187458539,6.647390272832611,0.023349299999999573,0.12501849999999948,0.0018489999999999895,0.18676675851973645,12.628069226608819,0.015407100000000895,0.12369770000000102,0.0017183000000002835,0.12455445816697293,8.966478496187134,0.00720139999999958,0.1239018999999999,0.001731299999999436,0.05812178828572916,4.159533298678407
79,0.015056600000001197,0.1314614999999968,0.002733700000000283,0.11453239161276545,5.507773347477645,0.016857600000001582,0.13174899999999923,0.0018791000000000224,0.1279523943255864,8.971103187696972,0.013513199999998449,0.13708980000000182,0.002145999999999759,0.09857188499799598,6.296924510717598,0.016166800000000592,0.13807079999999772,0.0017844999999994116,0.11709065204229177,9.059568506587796,0.008254800000003115,0.13052330000000012,0.002081299999996844,0.06324388059452303,3.966174986794615
80,0.016706299999999175,0.13566239999999752,0.0018815000000032,0.12314613334276468,8.879245283003327,0.017359299999998967,0.13776999999999973,0.0019530000000003156,0.12600203237278798,8.888530465947856,0.015615600000000285,0.14165840000000074,0.0017804000000012365,0.11023419719550838,8.770838013923523,0.01610549999999833,0.14657779999999931,0.0024167999999988865,0.1098768026263077,6.663977159883213,0.007413599999999576,0.13849220000000173,0.002732699999999255,0.053530812565613685,2.7129212866401717
81,0.01943509999999904,0.1454014000000008,0.0021191999999992106,0.13366515040432164,9.170960739904812,0.01919939999999798,0.14608889999999874,0.0019533000000002687,0.13142271589421334,9.829212102593221,0.015384999999998428,0.20778059999999954,0.0027687000000007345,0.07404444880801414,5.556759490011322,0.028801300000001362,0.183130000000002,0.002385199999999088,0.15727242942172798,12.07500419252573,0.011150499999999397,0.16712200000000266,0.00222570000000033,0.06672071899569906,5.009884530708425
82,0.018406800000001056,0.1703097999999983,0.0026274000000015008,0.1080783372419041,7.005709065993203,0.017330199999999962,0.13745999999999725,0.0019498999999996158,0.12607449439837268,8.887737832711101,0.0062627000000006205,0.14452960000000203,0.001932299999999998,0.043331608196525366,3.2410598768310446,0.01642410000000183,0.1423067999999965,0.0022303999999984114,0.11541331826730859,7.363746413205491,0.007845100000000826,0.14407269999999883,0.0018267999999999063,0.054452370226981864,4.2944493102699965
83,0.01712850000000188,0.14653530000000003,0.0020060999999991225,0.11688992345190459,8.538208464188909,0.017582900000000734,0.1498646000000008,0.0017724999999977342,0.11732523891566549,9.919830747544829,0.007758899999998903,0.153456300000002,0.0017132000000010805,0.05056097403624877,4.528893299085927,0.016874099999999004,0.1386981000000027,0.0018180999999977132,0.12166064279178067,9.2811726527805,0.00840000000000174,0.14326559999999944,0.0018646999999987202,0.058632358360986674,4.504746071758194
84,0.01708110000000218,0.1498948999999996,0.003180300000000358,0.1139538436598058,5.370908404867547,0.018177299999997842,0.14468420000000037,0.002464299999999753,0.12563431252339782,7.376252891287451,0.007211599999997986,0.14410799999999924,0.002278400000001568,0.05004302328807578,3.165203651682331,0.01557109999999895,0.1440437999999986,0.0020409000000007893,0.10809975854565833,7.629526189422768,0.008223199999999764,0.16772479999999845,0.0021081000000009453,0.04902793146869062,3.9007637208842447
85,0.016107600000001554,0.15722530000000035,0.002833400000000097,0.10244916053587762,5.684901531729019,0.01931289999999919,0.18840900000000005,0.002691199999997451,0.10250518818102736,7.17631539834181,0.013036700000000678,0.17607280000000003,0.0018020999999990295,0.074041532820519,7.2341712446632815,0.017240199999999817,0.15337999999999852,0.0019733999999971275,0.11240187768939877,8.736292692827057,0.010364800000001395,0.1570569000000006,0.001794100000001464,0.06599391685434614,5.777158463849807
86,0.017821899999997726,0.1609228999999992,0.0020172000000009405,0.11074806631000196,8.834969264321543,0.017395199999999278,0.16137039999999914,0.0018223000000006095,0.10779672108391236,9.545738901384766,0.007830400000003124,0.16948869999999872,0.002125800000001732,0.046200130156188485,3.683507385453356,0.022676699999998107,0.1846186000000003,0.0018828000000006284,0.12282998571107175,12.04413639260173,0.009036999999999296,0.1733337999999982,0.002166299999998955,0.0521363980943093,4.171629044916981
87,0.02270770000000155,0.16620499999999794,0.0019503999999983535,0.13662465028129017,11.642586136187818,0.017582900000000734,0.1673702999999982,0.002092399999998662,0.10505388351458367,8.403221181424191,0.006839000000002926,0.15892149999999816,0.002256100000000316,0.04303382487582237,3.031337263420047,0.01693909999999832,0.1578356999999997,0.0023154999999981385,0.1073210940237117,7.315525804367065,0.007984300000000388,0.15856199999999987,0.0021865000000005352,0.050354435488959494,3.651635033157299
88,0.017721000000001652,0.16340220000000016,0.002472000000000918,0.10845019222508408,7.168689320386356,0.017496999999998764,0.1737037000000008,0.0027977999999997394,0.10072900001553613,6.253842304668094,0.010004300000002075,0.16998430000000297,0.0020638999999995633,0.058854258893332505,4.84727942245467,0.020483200000001034,0.17204509999999829,0.0020330999999984556,0.11905715419969089,10.074861049636807,0.008611199999997154,0.1751693000000003,0.002042099999997049,0.04915929903240545,4.216835610405758
89,0.016319800000005102,0.16732129999999756,0.0020495999999994297,0.09753569928039849,7.962431693993776,0.017442299999999022,0.1837810000000033,0.0040871000000066715,0.09490806993105222,4.267646986853894,0.007841999999996574,0.2370001999999971,0.0030828999999954476,0.033088579672070614,2.54370884557013,0.02508720000000153,0.23701190000000594,0.003662599999998406,0.10584784983370414,6.849560421561854,0.011247400000002017,0.19857909999999634,0.0020817999999991343,0.05663939457879618,5.402728408111583
90,0.019959999999997535,0.20690679999999873,0.0034498999999996727,0.09646855492423477,5.785674947099751,0.023317800000000943,0.17256119999999697,0.0019490000000033092,0.13512771121203002,11.963981528969395,0.006729099999994048,0.17214219999999614,0.0028592000000031703,0.039090356693444135,2.3534904868447772,0.017100499999997965,0.17506110000000064,0.0020675999999966166,0.09768303752231594,8.270700328896279,0.008850999999999942,0.1755104000000003,0.0024404999999987353,0.05043005998504891,3.62671583692052
91,0.02093490000000031,0.17696000000000112,0.0027122999999988906,0.11830300632911493,7.718504590203471,0.019209400000001153,0.1763163999999975,0.003152999999997519,0.10894845856653962,6.092419917544012,0.0073252000000039175,0.17500369999999776,0.002912799999997162,0.041857400729264645,2.5148310903635864,0.017119399999998564,0.17758630000000153,0.0022324999999980832,0.096400454314316,7.668264277721506,0.009168400000000076,0.18927580000000432,0.0034186999999974432,0.048439367314785445,2.6818381256053274
92,0.02000420000000247,0.1871579999999966,0.0022756999999984373,0.10688402312486152,8.790350221916864,0.0198040000000006,0.18804589999999877,0.002321000000002016,0.10531471305676289,8.532529082284963,0.0071584000000015635,0.19282650000000245,0.002308100000000479,0.037123528145775984,3.101425414843411,0.018743300000004126,0.1901412999999934,0.0025927000000010025,0.09857563822275738,7.2292590735514635,0.010186699999998439,0.19169220000000564,0.00220019999999721,0.05314092070516244,4.629897282070428
93,0.01854850000000141,0.19062190000000356,0.002513999999997907,0.09730518896307856,7.378082736681327,0.019941199999998105,0.182920799999998,0.0021938000000005786,0.10901548648375867,9.089798523107323,0.008260400000004609,0.17642690000000272,0.0021794999999968923,0.04682052453454933,3.7900435879864127,0.018978700000005233,0.17822910000000292,0.0023637000000036323,0.10648485572785209,8.029233828309883,0.008206000000001268,0.18829840000000075,0.002283400000003155,0.04357976488382926,3.593763685727393
94,0.019861200000001134,0.18518879999999882,0.002230799999999533,0.1072483865115021,8.903173749329968,0.019005099999994002,0.1832318000000015,0.003806400000001986,0.10372162473977686,4.992932955018938,0.008236300000000085,0.20135460000000194,0.0026516000000000872,0.04090445413216289,3.1061623170914974,0.02259149999999721,0.24115739999999874,0.002757099999996626,0.09367948070429243,8.193935657039953,0.010941899999998839,0.20486329999999953,0.0030473999999998114,0.053410737794416394,3.5905690096474094
95,0.020123399999995684,0.2012268000000006,0.002414899999997999,0.10000357805220589,8.33301585987509,0.01991170000000153,0.1982015999999973,0.0023509999999973274,0.10046185298202336,8.469459804348858,0.01870879999999886,0.1921074000000047,0.002396899999993707,0.0973871907068567,7.805415328152188,0.018664199999996356,0.1887789999999967,0.0023860000000013315,0.09886798849446539,7.822380553221266,0.009176000000003626,0.21646439999999956,0.004279300000000319,0.04239034224567016,2.1442759329803804
96,0.02716819999999842,0.22732289999999722,0.0023928000000026373,0.11951369615643102,11.354145770632096,0.019188200000002098,0.19601450000000398,0.002323300000000472,0.09789173760105353,8.259028106571773,0.010244600000000048,0.20308419999999927,0.0025387999999963995,0.05044508632380109,4.035213486692365,0.020576600000005385,0.20597500000000224,0.0024640999999974156,0.09989853137519195,8.35055395480174,0.009820200000000057,0.21365620000000263,0.002448600000001022,0.0459626259383062,4.010536633176492
97,0.021748099999996384,0.2097764999999967,0.0024008000000037555,0.1036727183454616,9.058688770394188,0.01947450000000117,0.20928690000000216,0.0027150999999960845,0.09305169124298257,7.172663990287377,0.011488900000003355,0.2141005000000007,0.002696400000004928,0.05366124787192612,4.260829253813364,0.02061419999999714,0.1956034000000031,0.002415999999996643,0.10538773865892317,8.532367549679545,0.009234899999995605,0.20228720000000067,0.0023977000000030557,0.04565241893701418,3.8515660841572488
98,0.022030000000000882,0.21806620000000265,0.0025029000000031942,0.10102436782958851,8.80178992367764,0.011678500000002145,0.2095309000000043,0.0030114999999995007,0.055736409283794926,3.8779677901391607,0.009115700000002391,0.1985275000000044,0.0024197000000043545,0.04591656067800274,3.767285200638917,0.020382699999998977,0.20320600000000155,0.0024434999999982665,0.10030560121255681,8.34160016370511,0.009850899999996443,0.20868849999999384,0.002410400000002255,0.047203846881820194,4.086832061063403
99,0.020530899999997132,0.21577090000000254,0.002349200000004714,0.09515138510335217,8.739528350057864,0.0222982000000016,0.2144941999999972,0.00424019999999814,0.10395712331616376,5.2587613791829115,0.009060999999995545,0.21269560000000354,0.002572000000000685,0.042600787228299006,3.5229393468091494,0.021979899999998054,0.2057405999999986,0.0023937000000060493,0.10683307038084949,9.182395454711328,0.009295299999998008,0.21655859999999905,0.0034877000000008707,0.04292279318391442,2.6651661553446937
100,0.02084729999999979,0.22261350000000135,0.003055200000005698,0.09364795935556318,6.823546739971495,0.020826599999999473,0.21950650000000138,0.0024951000000044132,0.09487919492133191,8.347000120220686,0.00961420000000146,0.20885580000000203,0.002405000000003099,0.04603271731022728,3.9975883575838136,0.02113929999999442,0.2097758999999968,0.0025775000000010095,0.1007708702477012,8.201474296793847,0.009785499999999558,0.2182168999999945,0.0026264000000040255,0.044842997952953254,3.725822418513768
101,0.02199110000000104,0.23368279999999686,0.002979299999999796,0.0941066265895536,7.381297620247222,0.02028800000000075,0.22770840000000447,0.002979699999997365,0.0890964057540273,6.808739134818502,0.010142899999998178,0.2220086999999964,0.0025130000000004316,0.045686948304270704,4.036171906086922,0.02146640000000133,0.21809059999999647,0.0025302000000024805,0.09842881811504794,8.48407240533566,0.010489800000001992,0.21189419999999615,0.0024644000000009214,0.04950489442373686,4.256533030351433
102,0.022298999999996738,0.21354139999999688,0.002528600000005099,0.1044247157693874,8.81871391281807,0.01929280000000233,0.21699679999999688,0.0024905999999944584,0.08890822353141893,7.746245884543988,0.00996680000000083,0.21729960000000403,0.0024727000000055455,0.04586662837851816,4.0307356331048965,0.0202863000000022,0.22290960000000126,0.0025806000000017093,0.09100684761895443,7.861078818874976,0.0117250999999996,0.21575109999999853,0.0037006999999960044,0.05434549348763311,3.16834652903836
103,0.02106990000000053,0.22637310000000355,0.003034300000003043,0.09307598826892506,6.943907985360512,0.020341700000003016,0.22833269999999573,0.0037025999999968917,0.08908798433165024,5.493896181067383,0.008473399999999742,0.22756360000000342,0.002495099999997308,0.03723530476754461,3.396016191739363,0.022338200000000086,0.2232328999999993,0.0024549999999976535,0.10006679123014643,9.099063136464943,0.011748500000003048,0.2299939999999978,0.0034539999999978477,0.05108176735046636,3.40141864505222
104,0.022071799999999087,0.23858740000000012,0.0035403000000044926,0.09251033373933022,6.234443408742501,0.022371100000000865,0.2345697999999956,0.0026974999999964666,0.09537075957775162,8.293271547740563,0.020595800000002384,0.23668390000000272,0.0025748999999990474,0.08701817064870973,7.9986795603751615,0.021380600000000527,0.23061930000000075,0.0026907000000022663,0.09270950002883739,7.946110677512364,0.010958500000000981,0.2404013999999961,0.002567999999996573,0.045584177130420865,4.267328660442214
105,0.022431199999999762,0.239093000000004,0.0025762000000000285,0.09381788676372536,8.707087959009206,0.020826700000000642,0.24380440000000192,0.002607799999999827,0.08542380695344497,7.986310299870398,0.021091000000005522,0.24299979999999977,0.0027410000000003265,0.08679431011879657,7.694636993798982,0.021927300000001537,0.23580809999999985,0.0030895000000015216,0.09298789990675278,7.097362032688376,0.01044650000000047,0.23048510000000277,0.0026119999999991705,0.04532397105062472,3.9994257274133944
106,0.02332280000000253,0.24337609999999898,0.0033299000000042156,0.09583028078764771,7.004054175792968,0.02213259999999906,0.25048579999999987,0.004579399999997236,0.0883587013714912,4.833078569247591,0.022541799999999057,0.24419219999999342,0.002665499999999099,0.09231171184009836,8.456874882763712,0.023684100000004094,0.23657130000000137,0.0026089999999996394,0.10011400368516365,9.07784591797906,0.011806100000001152,0.23856070000000074,0.003079599999999516,0.04948887222413883,3.8336472269135626
107,0.022968499999997505,0.2446504000000047,0.0032266000000049644,0.09388294480612769,7.118483852960443,0.021949500000005173,0.2632465999999951,0.0029775000000000773,0.08337999427155215,7.371788413099782,0.020813699999997937,0.24048859999999905,0.0029193999999961306,0.08654755360544333,7.129444406393616,0.020710199999996348,0.24144460000000123,0.004051800000006267,0.08577619876359314,5.111357914991933,0.01023559999999435,0.24693560000000048,0.003124400000004357,0.041450483445863336,3.2760209960248607
108,0.023754200000006165,0.28680290000000497,0.0030989999999988527,0.08282412765005429,7.665117779933836,0.029711500000004776,0.31017260000000135,0.004009299999999882,0.0957902148674791,7.410645249795637,0.02752630000000522,0.3087440999999984,0.0036483999999958883,0.08915571180147366,7.544759346572811,0.025742500000006885,0.27213360000000364,0.002874599999998395,0.09459508123953286,8.955158978647901,0.011935600000001045,0.29166060000000016,0.0028203999999973917,0.040922908339354164,4.231882002557113
109,0.023546400000000745,0.2708276999999981,0.0027893999999974994,0.08694236224729195,8.441385244146359,0.024605600000001004,0.2723669999999956,0.0027386000000007016,0.09033987230465293,8.984736726792777,0.020895699999996964,0.25739540000000005,0.002739099999999439,0.08118132647280006,7.628673651929919,0.022488600000002634,0.2530495999999971,0.0026681000000010613,0.0888703242368409,8.428694576662677,0.010574699999999382,0.2492057999999986,0.0030357999999992558,0.04243360307023128,3.4833322353257707
110,0.02304609999999485,0.25190920000000006,0.002659199999996531,0.09148574168785756,8.66655385079156,0.024792200000000264,0.2568357999999975,0.0027408000000050947,0.09652937791382862,9.045607121991456,0.02279620000000193,0.25914400000000626,0.002658099999997887,0.08796730775168007,8.576125804153362,0.022738600000003828,0.28658490000000114,0.003098800000003621,0.07934332897512653,7.337872724918439,0.013153099999996698,0.31165550000000053,0.005011699999997177,0.04220397201395989,2.624478719796498
111,0.03188819999999737,0.32023620000000363,0.003226400000002627,0.09957712463486953,9.883523431679706,0.02472060000000198,0.2865757000000002,0.0029383999999978982,0.08626202430981399,8.412945820861578,0.024353099999999017,0.2770638999999946,0.0029593999999946163,0.08789705190751843,8.229066702724646,0.025136000000003378,0.26705249999999836,0.0028147999999958984,0.09412381460575554,8.929941736549669,0.011396700000005922,0.26121099999999586,0.0027867999999955373,0.04363024528065856,4.089529209137424
112,0.02411920000000123,0.26381620000000083,0.0027693999999982566,0.09142425673632307,8.7091788835186,0.023148200000001395,0.2784472000000022,0.002879900000003488,0.0831331756972281,8.037848536398263,0.02300849999999599,0.2694824000000011,0.0027919999999994616,0.0853803439482352,8.240866762177804,0.022310000000004493,0.269928500000006,0.003236000000001127,0.08265151697580654,6.894313967860545,0.01080559999999764,0.2754335999999995,0.0028811000000033005,0.03923123395256664,3.750511957233439
113,0.021904400000003932,0.2765922000000032,0.0028464000000028022,0.0791938456688355,7.695474985940966,0.028087100000000476,0.2904883999999939,0.002951699999997004,0.09668923096413168,9.515567300209705,0.02308339999999731,0.27206980000000414,0.0028088999999980047,0.08484366879380571,8.217950087227637,0.024511999999994316,0.27512459999999805,0.003036799999996731,0.08909417769255999,8.071654373031054,0.011711699999999325,0.30874329999999617,0.0036765000000045234,0.037933454750271406,3.1855569155405727
114,0.0248276999999959,0.3121267999999944,0.0031973000000036222,0.079543634189683,7.7652081443617345,0.024329600000001506,0.313219299999993,0.0031230000000022073,0.07767592865446686,7.790457893046529,0.027253400000006422,0.3043538999999953,0.0030961000000075956,0.0895450986499823,8.80249345949406,0.023358000000001766,0.28538790000000347,0.0029508000000078027,0.08184649734624867,7.915819438775926,0.011366600000002336,0.28921110000000283,0.002979000000010501,0.0393020876446382,3.815575696529798
115,0.02577630000000397,0.28484249999999633,0.0028481000000084578,0.090493167276668,9.050349355685343,0.02359769999999628,0.28364150000000166,0.003146700000002056,0.08319551264535036,7.499189627222442,0.022766600000011294,0.3021875000000023,0.0031258000000065067,0.07533931747676897,7.2834474374444635,0.025552599999997483,0.29091250000000457,0.003479499999997415,0.08783603317147624,7.343756286827551,0.010317499999999313,0.2863569999999953,0.0034172000000012304,0.03603020006495208,3.0192847945673646
116,0.023410500000011325,0.2896355000000028,0.002990399999987403,0.080827453816991,7.828551364402736,0.023020900000005895,0.2937597000000096,0.0029812000000077887,0.07836643351693626,7.7220246880268855,0.02261080000000959,0.29425859999999204,0.002957700000010277,0.07683989524863573,7.644723940876703,0.024385499999993954,0.29523660000000973,0.0029949999999985266,0.08259646669821137,8.142070116863422,0.01235810000000015,0.2935063000000042,0.0029473999999964917,0.04210505873298111,4.192881861985092
117,0.02659839999999747,0.3007197000000019,0.003921599999998193,0.08844914383725874,6.782537739700562,0.023303499999997257,0.3046822999999961,0.0029974999999922147,0.07648458738823212,7.774311926624781,0.021614499999998316,0.29354900000001294,0.0029882000000043263,0.07363165945037238,7.23328425137776,0.024083599999997318,0.29884769999999605,0.0029111000000057174,0.08058820596577332,8.273023942822308,0.0118295000000046,0.3431068999999951,0.004501699999991615,0.034477592843527104,2.627785058983636
118,0.027350400000003106,0.3167322999999982,0.003233700000009776,0.08635178666654225,8.457927451501506,0.02436700000001224,0.30981859999999983,0.0033908999999994194,0.07864924830211051,7.18599781769336,0.021911900000006312,0.31369340000000534,0.0030962000000016587,0.06985132616754429,7.077029907626954,0.024771999999998684,0.31710469999998736,0.003447399999998879,0.07811930885918648,7.185705169114909,0.011498600000010128,0.317056000000008,0.0035511999999897625,0.03626677937023692,3.2379477359887576
119,0.024193699999997875,0.3163081999999946,0.003059399999997936,0.0764877420186966,7.907988494480682,0.024486100000004285,0.3192432000000025,0.0030672999999978856,0.07670045908575059,7.982949173547147,0.026013999999989323,0.31685169999998664,0.0032010999999982914,0.08210150048110969,8.126581487614635,0.0249284000000074,0.31478590000000395,0.003067000000001485,0.07919160292759964,8.127942614931637,0.011414799999997172,0.31442619999999977,0.003101499999999646,0.03630359047686605,3.680412703530058
